rank,name,slug,tvl,category,chains,defillama_github,open_source_flag,tvl_code_path,best_source_repo,best_source_score,best_source_language,best_source_description
1,Binance CEX,binance-cex,153890457104.54,CEX,Ethereum;Bitcoin;Binance;Solana;Ripple;Tron;Doge;Arbitrum;Base;Plasma;Aptos;Avalanche;Near;Polygon;Hedera;TON;Stellar;Optimism;Sonic;Chiliz;Algorand;Celo;Ronin;zkSync Era;Op_Bnb;Manta;Scroll;Starknet;Polkadot;Sui;Fantom;Litecoin,,,https://github.com/DefiLlama/DefiLlama-Adapters/blob/main/projects/binance/index.js,,,,
2,OKX,okx,24371902732.91,CEX,Ethereum;Bitcoin;Solana;Tron;Doge;Ripple;TON;Avalanche;Aptos;Linea;Arbitrum;Optimism;Base;zkSync Era;Scroll;Starknet;Polygon;Polkadot;Litecoin,,,https://github.com/DefiLlama/DefiLlama-Adapters/blob/main/projects/okex/index.js,,,,
3,Bitfinex,bitfinex,18819795953.72,CEX,Bitcoin;Ethereum;Tron;Solana;Avalanche;Polygon;Near;Tezos;Algorand;EOS;Cosmos;Aptos;Elrond;Cardano;EthereumClassic;Fantom;Doge;Zilliqa;Litecoin;Polkadot,,,https://github.com/DefiLlama/DefiLlama-Adapters/blob/main/projects/bitfinex/index.js,,,,
4,Lido,lido,18647316928.58,Liquid Staking,Ethereum;Solana;Moonbeam;Moonriver;Terra,lidofinance,True,https://github.com/DefiLlama/DefiLlama-Adapters/blob/main/projects/lido/index.js,lidofinance/dual-governance,13,Solidity,Lido Dual Governance contracts
5,SSV Network,ssv-network,15624029886.37,Staking Pool,Ethereum,,,https://github.com/DefiLlama/DefiLlama-Adapters/blob/main/projects/ssv-network/index.js,,,,
6,Bybit,bybit,15202215895.26,CEX,Ethereum;Bitcoin;Tron;Solana;Mantle;Binance;Ripple;Avalanche;Aptos;Arbitrum;Doge;Sui;Polygon;Base;Hyperliquid L1;Optimism;TON;Klaytn;Linea;Celo;zkSync Era;Kava;Sonic;Cardano;Cosmos;Plasma;dYdX;Arbitrum Nova;Manta;EOS;Scroll;Starknet;Taiko;Fantom;Litecoin;Polkadot,,,https://github.com/DefiLlama/DefiLlama-Adapters/blob/main/projects/bybit/index.js,,,,
7,Aave V3,aave-v3,13952626667.76,Lending,Ethereum;MegaETH;Plasma;Arbitrum;Base;Avalanche;Binance;Mantle;Polygon;xDai;X Layer;Optimism;Linea;Sonic;Celo;Scroll;zkSync Era;Metis;Soneium;Fantom;Harmony,,,https://github.com/DefiLlama/DefiLlama-Adapters/blob/main/projects/aave-v3/index.js,,,,
8,Robinhood,robinhood,13690946011.49,CEX,Bitcoin;Ethereum;Polygon;Avalanche,robinhood,,https://github.com/DefiLlama/DefiLlama-Adapters/blob/main/projects/robinhood/index.js,,,,
9,WBTC,wbtc,8762904011.48,Bridge,Bitcoin,WrappedBTC,,https://github.com/DefiLlama/DefiLlama-Adapters/blob/main/projects/wbtc.js,WrappedBTC/bitcoin-token-smart-contracts,7,JavaScript,
10,Binance staked ETH,binance-staked-eth,7775450757.1,Liquid Staking,Ethereum;Binance,,,https://github.com/DefiLlama/DefiLlama-Adapters/blob/main/projects/binance-staked-eth/index.js,,,,
11,Morpho Blue,morpho-blue,7363695584.89,Lending,Ethereum;Base;Hyperliquid L1;Katana;Monad;Arbitrum;Flare;Sei;World Chain;Optimism;Polygon;Plume Mainnet;Stable;Etherlink;Hemi;Citrea;Unichain;Celo;Abstract;TAC;Lisk;Soneium;Scroll;Corn;Tempo;Fraxtal;Sonic;Binance;Botanix;Ink;Zircuit;Bitlayer;xDai;Mode;Linea,,,https://github.com/DefiLlama/DefiLlama-Adapters/blob/main/projects/morpho-blue/index.js,,,,
12,EigenCloud,eigencloud,6838225934.18,Restaking,Ethereum,Layr-Labs,,https://github.com/DefiLlama/DefiLlama-Adapters/blob/main/projects/eigenlayer/index.js,Layr-Labs/eigenlayer-contracts,15,Solidity,Contracts of EigenLayer
13,Coinbase Bridge,coinbase-bridge,6198866788.81,Bridge,Bitcoin;Ripple;Doge;Cardano;Litecoin,,,https://github.com/DefiLlama/DefiLlama-Adapters/blob/main/projects/coinbase-btc/index.js,,,,
14,Sky Lending,sky-lending,5695216554.66,CDP,Ethereum,,,https://github.com/DefiLlama/DefiLlama-Adapters/blob/main/projects/maker/index.js,,,,
15,Bitget,bitget,5541947229.58,CEX,Bitcoin;Ethereum;Binance;Solana;Tron;Ripple;Arbitrum;Base;Avalanche;Cardano;Polygon;TON;Optimism;Cronos;Sonic;zkSync Era;Klaytn;Starknet;Metis;Sui;Fantom;Kava;Hyperliquid L1,,,https://github.com/DefiLlama/DefiLlama-Adapters/blob/main/projects/bitget/index.js,,,,
16,Gemini,gemini,5412704533.52,CEX,Bitcoin;Ethereum,,,https://github.com/DefiLlama/DefiLlama-Adapters/blob/main/projects/gemini/index.js,,,,
17,Binance Bitcoin,binance-bitcoin,5220907389.01,Bridge,Bitcoin,,,https://github.com/DefiLlama/DefiLlama-Adapters/blob/main/projects/binance-btc/index.js,,,,
18,MEXC,mexc,5021068592.29,CEX,Ethereum;Bitcoin;Solana;Tron;Ripple;Binance;Arbitrum;Base;TON;Avalanche;Aptos;Optimism;Polygon;Klaytn;Starknet,,,https://github.com/DefiLlama/DefiLlama-Adapters/blob/main/projects/mexc-cex/index.js,,,,
19,Hyperliquid Bridge,hyperliquid-bridge,4964420074.1,Bridge,Arbitrum;Hyperliquid L1,,,https://github.com/DefiLlama/DefiLlama-Adapters/blob/main/projects/hyperliquid/index.js,,,,
20,HTX,htx,4888614270.2,CEX,Tron;Bitcoin;Ethereum;Ripple;Doge;Solana;Binance;Avalanche;TON;Cardano;Arbitrum;Optimism;Polygon;Sui;CORE;EOS;Starknet;Algorand;Litecoin,,,https://github.com/DefiLlama/DefiLlama-Adapters/blob/main/projects/huobi/index.js,,,,
21,Gate,gate,4660406597.8,CEX,Ethereum;Bitcoin;Solana;Binance;Doge;Tron;Ripple;Base;Sui;Optimism;Celo;EthereumClassic;Aptos;Manta;Arbitrum;Cardano;Linea;Klaytn;Avalanche;zkSync Era;Arbitrum Nova;XDC;Polygon;Cronos;Terra;Algorand;Flare;Chiliz;VeChain;Ergo;Celestia;Metis;dYdX;EOS;Alephium;Stacks;Mantle;Injective;CORE;Scroll;Moonriver;X Layer;Starknet;Cosmos;Theta;LUKSO;Moonbeam;Osmosis;RSK;Shibarium;Ronin;Harmony;Elrond;WEMIX;Radix;XPLA;Agoric;Dymension;IoTeX;ApeChain;ZetaChain;Neutron;Vana;Oasys;REI;Bitkub;ThunderCore;Acala;Tezos;Etherlink;Aura Network;Merlin;Fuse;Op_Bnb;Neon;BandChain;Bifrost;Bitlayer;Mode;Boba;Astar;Blast;Matchain;Zircuit;Meter;zkLink;Aurora;Taiko;Polygon zkEVM;Fantom;EnergyWeb;BSquared;Bittorrent;AirDAO;EOS EVM;Kardia;Kroma;Fuel;Litecoin;OKExChain;Umee;Bahamut;Sei;HAQQ;Polkadot;TomoChain;Tenet;Songbird,,,https://github.com/DefiLlama/DefiLlama-Adapters/blob/main/projects/gate-io/index.js,,,,
22,Deribit,deribit,4605539614.27,CEX,Bitcoin;Ethereum;Solana;Ripple;Binance;EthereumPoW,,,https://github.com/DefiLlama/DefiLlama-Adapters/blob/main/projects/deribit/index.js,,,,
23,ether.fi Stake,ether.fi-stake,4579290061.46,Liquid Restaking,Ethereum;Base;Arbitrum,,,https://github.com/DefiLlama/DefiLlama-Adapters/blob/main/projects/ether-fi/index.js,,,,
24,Ethena USDe,ethena-usde,4348055780.59,Basis Trading,Ethereum,,,https://github.com/DefiLlama/DefiLlama-Adapters/blob/main/projects/ethena/index.js,,,,
25,Babylon Protocol,babylon-protocol,3956433902.45,Restaking,Bitcoin,,,https://github.com/DefiLlama/DefiLlama-Adapters/blob/main/projects/babylon/index.js,,,,
26,USDT0,usdt0,3612909107.24,Bridge,Ethereum,,,https://github.com/DefiLlama/DefiLlama-Adapters/blob/main/projects/usdt0/index.js,,,,
27,JustLend,justlend,3552840477.31,Lending,Tron,justlend,,https://github.com/DefiLlama/DefiLlama-Adapters/blob/main/projects/justlend.js,justlend/justlend-protocol,12,Solidity,contracts of justlend
28,SparkLend,sparklend,3326309204.46,Lending,Ethereum;xDai,,,https://github.com/DefiLlama/DefiLlama-Adapters/blob/main/registries/aave.js,,,,
29,Tether Gold,tether-gold,3248485058.69,RWA,Ethereum;Monad;Plasma;Avalanche;Arbitrum;Celo;Ink;Polygon,,,https://github.com/DefiLlama/DefiLlama-Adapters/blob/main/projects/tether-gold/index.js,,,,
30,Arbitrum Bridge,arbitrum-bridge,3227247184.45,Canonical Bridge,Ethereum,,,https://github.com/DefiLlama/DefiLlama-Adapters/blob/main/projects/arbitrum/index.js,,,,
31,BlackRock BUIDL,blackrock-buidl,3164879074.11,RWA,Ethereum;Solana;Aptos;Binance;Avalanche;Optimism;Arbitrum;Polygon,,,https://github.com/DefiLlama/DefiLlama-Adapters/blob/main/projects/securitize/index.js,,,,
32,Circle USYC,circle-usyc,2975376574.05,RWA,Binance;Ethereum;Near;Noble,,,https://github.com/DefiLlama/DefiLlama-Adapters/blob/main/projects/hashnote/index.js,,,,
33,Grove Finance,grove-finance,2836054346.0,Onchain Capital Allocator,Ethereum;Avalanche;Base;Plume Mainnet,,,https://github.com/DefiLlama/DefiLlama-Adapters/blob/main/projects/grove/index.js,,,,
34,KuCoin,kucoin,2751359007.71,CEX,Ethereum;Bitcoin;Solana;Ripple;Binance;Tron;Doge;Cardano;Arbitrum;Avalanche;Optimism;TON;Base;Near;Polygon;Aptos;Kucoin;EOS;Kava;Algorand;Starknet;Sui;Polkadot,,,https://github.com/DefiLlama/DefiLlama-Adapters/blob/main/projects/kucoin/index.js,,,,
35,Ondo Yield Assets,ondo-yield-assets,2687581420.6,RWA,Ethereum;Plume Mainnet;Ripple;Sei;Solana;Stellar;Mantle;Sui;Noble;Aptos;Arbitrum;Polygon,,,https://github.com/DefiLlama/DefiLlama-Adapters/blob/main/projects/ondofinance/index.js,,,,
36,Spark Liquidity Layer,spark-liquidity-layer,2647557514.84,Onchain Capital Allocator,Ethereum;Base;Arbitrum;Unichain;Optimism;Avalanche,,,https://github.com/DefiLlama/DefiLlama-Adapters/blob/main/projects/spark-liquidity-layer/index.js,,,,
37,Base Bridge,base-bridge,2618849445.57,Canonical Bridge,Ethereum,,,https://github.com/DefiLlama/DefiLlama-Adapters/blob/main/projects/base/index.js,,,,
38,Crypto-com,crypto-com,2438032834.47,CEX,Bitcoin;Ethereum;Polygon;Binance;Avalanche;Arbitrum;Optimism;Fantom,,,https://github.com/DefiLlama/DefiLlama-Adapters/blob/main/projects/crypto-com/index.js,,,,
39,Polygon Bridge,polygon-bridge,2392157245.06,Chain,Polygon,,,https://github.com/DefiLlama/DefiLlama-Adapters/blob/main/projects/polygon/index.js,,,,
40,JustCryptos,justcryptos,2376878363.18,Bridge,Tron,,,https://github.com/DefiLlama/DefiLlama-Adapters/blob/main/projects/justCryptos/index.js,,,,
41,Portal,portal,2281615831.34,Bridge,Ethereum;Binance;Solana;Algorand;Polygon;Near;Base;Avalanche;Arbitrum;Optimism;Moonbeam;Celo;Klaytn;Terra;Oasis;Aurora;Fantom;Karura;Acala;Terra2;Injective;Sui;Aptos;XPLA,wormhole-foundation,,https://github.com/DefiLlama/DefiLlama-Adapters/blob/main/projects/wormhole.js,wormhole-foundation/wormhole-ntt-contracts,12,Solidity,
42,Spark Savings,spark-savings,2178160697.4,Yield,Ethereum;Arbitrum;Avalanche;Base;Optimism;Unichain,,,https://github.com/DefiLlama/DefiLlama-Adapters/blob/main/projects/spark-savings/index.js,,,,
43,Steakhouse Financial,steakhouse-financial,2140181870.5,Risk Curators,Base;Ethereum;Monad;Solana;Katana;Arbitrum;Polygon;Corn;Unichain,,,https://github.com/DefiLlama/DefiLlama-Adapters/blob/main/projects/steakhouse/index.js,,,,
44,Paxos Gold,paxos-gold,2139637073.36,RWA,Ethereum,,,https://github.com/DefiLlama/DefiLlama-Adapters/blob/main/projects/paxos-gold/index.js,,,,
45,Maple,maple,2095492247.14,Lending,Ethereum;Solana,,,https://github.com/DefiLlama/DefiLlama-Adapters/blob/main/projects/maple/index.js,,,,
46,PancakeSwap AMM,pancakeswap-amm,1754845941.45,Dexs,Binance;Ethereum;zkSync Era;Aptos;Op_Bnb;Base;Arbitrum;Monad;Linea;Polygon zkEVM,,,https://github.com/DefiLlama/DefiLlama-Adapters/blob/main/projects/pancake-swap/index.js,,,,
47,Curve DEX,curve-dex,1672324940.24,Dexs,Ethereum;Arbitrum;Monad;Base;Fraxtal;Etherlink;Polygon;Plasma;Avalanche;X Layer;xDai;TAC;Optimism;XDC;Hyperliquid L1;Binance;Kava;Unichain;Ink;Taiko;Celo;Plume Mainnet;Sonic;Fantom;Aurora;Moonbeam;Corn;Stable;Harmony;Mantle,,,https://github.com/DefiLlama/DefiLlama-Adapters/blob/main/projects/curve/index.js,,,,
48,Uniswap V3,uniswap-v3,1657437700.72,Dexs,Ethereum;Base;Arbitrum;Binance;Polygon;X Layer;Optimism;xDai;Plasma;Celo;Nibiru;Avalanche;Monad;RSK;0G;World Chain;XDC;Unichain;zkSync Era;Boba;Filecoin;Etherlink;Mantle;Goat;BOB;Lens;Telos;Sonic;Hemi;Redbelly;Linea;Scroll;Sei;Blast;Taiko;Lisk;Corn;Polygon zkEVM;Moonbeam;Manta;Tempo;LightLink;Saga,,,https://github.com/DefiLlama/DefiLlama-Adapters/blob/main/projects/uniswap/index.js,,,,
49,Kamino Lend,kamino-lend,1619172159.12,Lending,Solana,,,https://github.com/DefiLlama/DefiLlama-Adapters/blob/main/projects/kamino-lending/index.js,,,,
50,Falcon Finance,falcon-finance,1616149273.9,Basis Trading,Ethereum,,,https://github.com/DefiLlama/DefiLlama-Adapters/blob/main/projects/falcon-finance/index.js,,,,
51,Sentora,sentora,1558117240.13,Risk Curators,Ethereum;Solana,,,https://github.com/DefiLlama/DefiLlama-Adapters/blob/main/projects/sentora/index.js,,,,
52,Centrifuge Protocol,centrifuge-protocol,1544707931.43,RWA,Ethereum;Avalanche;Plume Mainnet;Pharos;Monad;Base;Binance;Optimism;Arbitrum;Hyperliquid L1,,,https://github.com/DefiLlama/DefiLlama-Adapters/blob/main/projects/centrifuge/index.js,,,,
53,Pendle,pendle,1542248829.04,Yield,Ethereum;Plasma;Arbitrum;Hyperliquid L1;Base;Binance;Sonic;Mantle;Avalanche;Optimism;Berachain,pendle-finance,,https://github.com/DefiLlama/DefiLlama-Adapters/blob/main/projects/pendle/index.js,pendle-finance/pendle-core-v2-public,13,Solidity,
54,HashKey Exchange,hashkey-exchange,1503695427.14,CEX,Bitcoin;Ethereum;Solana;Tron;Doge;Aptos;Avalanche;TON;Arbitrum;Optimism;Polygon;Polkadot;Litecoin,,,https://github.com/DefiLlama/DefiLlama-Adapters/blob/main/projects/hashkey-exchange/index.js,,,,
55,Bitstamp,bitstamp,1484907218.84,CEX,Ethereum;Bitcoin;Ripple;Solana;Avalanche;Near;Cardano;XDC;Sui;Litecoin,,,https://github.com/DefiLlama/DefiLlama-Adapters/blob/main/projects/bitstamp/index.js,,,,
56,USDD,usdd,1480781185.63,CDP,Tron;Ethereum;Binance,,,https://github.com/DefiLlama/DefiLlama-Adapters/blob/main/projects/usdd-io/index.js,,,,
57,Gauntlet,gauntlet,1441734119.59,Risk Curators,Binance;Ethereum;Base;Katana;Solana;Optimism;Arbitrum;Polygon;Hyperliquid L1;Unichain,,,https://github.com/DefiLlama/DefiLlama-Adapters/blob/main/projects/gauntlet/index.js,,,,
58,Bitkub,bitkub,1378327478.04,CEX,Bitcoin;Ethereum;Ripple;Binance;Solana;Cardano;Optimism;Arbitrum;Doge;Tron;Avalanche;Polygon;Base;Algorand;Scroll;Aptos;CORE;zkSync Era;Mantle;TON;Fantom;Litecoin,,,https://github.com/DefiLlama/DefiLlama-Adapters/blob/main/projects/bitkub-cex/index.js,,,,
59,Kelp,kelp,1375778476.38,Liquid Restaking,Ethereum;Arbitrum;Optimism;Manta;Mode;Blast;Scroll;Base;Linea;X Layer;zkSync Era;Zircuit;Swellchain;Hemi;Berachain;Sonic,,,https://github.com/DefiLlama/DefiLlama-Adapters/blob/main/projects/kelp-dao/index.js,,,,
60,Figure Markets Exchange,figure-markets-exchange,1355438527.02,OTC Marketplace,Provenance,,,https://github.com/DefiLlama/DefiLlama-Adapters/blob/main/projects/figure-markets/index.js,,,,
61,Poloniex,poloniex,1291077639.06,CEX,Bitcoin;Ethereum;Ripple;Tron;EthereumClassic;Stellar;Solana;Arbitrum;Optimism;Cardano;Polygon,,,https://github.com/DefiLlama/DefiLlama-Adapters/blob/main/projects/poloniex-cex/index.js,,,,
62,Compound V3,compound-v3,1218817109.76,Lending,Ethereum;Arbitrum;Base;Optimism;Polygon;Mantle;Unichain;Ronin;Scroll,,,https://github.com/DefiLlama/DefiLlama-Adapters/blob/main/projects/compound-v3/index.js,,,,
63,Jupiter Lend,jupiter-lend,1218617560.87,Lending,Solana,,,https://github.com/DefiLlama/DefiLlama-Adapters/blob/main/projects/jupiter-lend/index.js,,,,
64,Spiko,spiko,1212542909.33,RWA,Stellar;Arbitrum;Polygon;Ethereum;Starknet;Base;Etherlink,spiko-tech,,https://github.com/DefiLlama/DefiLlama-Adapters/blob/main/projects/spiko/index.js,spiko-tech/stellar-contracts,8,Rust,
65,Sanctum Validator LSTs,sanctum-validator-lsts,1209309558.69,Liquid Staking,Solana,,,https://github.com/DefiLlama/DefiLlama-Adapters/blob/main/projects/sanctum-validator-lsts/index.js,,,,
66,Bitmex,bitmex,1204904200.93,CEX,Bitcoin;Ethereum;Tron;Solana;Binance;Ripple,,,https://github.com/DefiLlama/DefiLlama-Adapters/blob/main/projects/bitmex/index.js,,,,
67,Venus Core Pool,venus-core-pool,1161962015.45,Lending,Binance;Ethereum;Arbitrum;zkSync Era;Unichain;Base;Optimism;Op_Bnb,,,https://github.com/DefiLlama/DefiLlama-Adapters/blob/main/registries/compound.js,,,,
68,Ethena USDtb,ethena-usdtb,1076241437.35,RWA,Ethereum,,,https://github.com/DefiLlama/DefiLlama-Adapters/blob/main/projects/ethena-usdtb/index.js,,,,
69,Veda,veda,1047061680.04,Onchain Capital Allocator,Ethereum;Ink;Optimism;Hyperliquid L1;Plasma;Base;Arbitrum;Sonic;Berachain;Binance;BOB;Scroll,Veda-Labs,,https://github.com/DefiLlama/DefiLlama-Adapters/blob/main/projects/veda/index.js,Veda-Labs/boring-vault-plasma,10,Solidity,
70,Rocket Pool,rocket-pool,1045346362.65,Liquid Staking,Ethereum,rocket-pool,,https://github.com/DefiLlama/DefiLlama-Adapters/blob/main/projects/rocketpool/index.js,rocket-pool/rocketpool-polygon-oracle,10,Solidity,
71,Anemoy Capital,anemoy-capital,1038526275.26,RWA,Ethereum;Celo;Base,,,https://github.com/DefiLlama/DefiLlama-Adapters/blob/main/projects/anemoy-capital/index.js,,,,
72,Ondo Global Markets,ondo-global-markets,1003061738.44,RWA,Ethereum;Binance;Solana,,,https://github.com/DefiLlama/DefiLlama-Adapters/blob/main/projects/ondo-global-markets/index.js,,,,
73,Raydium AMM,raydium-amm,984998811.76,Dexs,Solana,,False,https://github.com/DefiLlama/DefiLlama-Adapters/blob/main/projects/raydium/index.js,,,,
74,Uniswap V2,uniswap-v2,967227587.53,Dexs,Ethereum;Base;Polygon;Arbitrum;Binance;Monad;X Layer;Optimism;Avalanche;Unichain;Tempo;Zora;Celo,,,https://github.com/DefiLlama/DefiLlama-Adapters/blob/main/projects/uniswap-v2/index.js,,,,
75,Blockchain Capital,blockchain-capital,964699191.57,RWA,zkSync Era,,,https://github.com/DefiLlama/DefiLlama-Adapters/blob/main/projects/bcap/index.js,,,,
76,WisdomTree,wisdomtree,960469490.88,RWA,Ethereum;Stellar,,,https://github.com/DefiLlama/DefiLlama-Adapters/blob/main/projects/wisdomtree/index.js,,,,
77,Concrete,concrete,959034203.65,Onchain Capital Allocator,Ethereum;Stable;Berachain;Arbitrum;Katana,,,https://github.com/DefiLlama/DefiLlama-Adapters/blob/main/projects/concrete-xyz/index.js,,,,
78,Binance Staked SOL,binance-staked-sol,935595624.51,Liquid Staking,Solana,,,https://github.com/DefiLlama/DefiLlama-Adapters/blob/main/registries/solanaStakePool.js,,,,
79,SwissBorg,swissborg,922459519.7,CEX,Bitcoin;Ethereum;Solana;Ripple;Binance;Hedera;Cardano;Avalanche;Doge;Tron;Polygon;Near;Cosmos;Arbitrum;Injective;Algorand;TON;Optimism;Sei;Celestia;Stellar;Sonic;Moonbeam;Berachain;Osmosis;xDai;Chiliz;Polkadot,,,https://github.com/DefiLlama/DefiLlama-Adapters/blob/main/projects/swissborg/index.js,,,,
80,Obol,obol,877796790.9,Staking Pool,Ethereum,,,https://github.com/DefiLlama/DefiLlama-Adapters/blob/main/projects/obol/index.js,,,,
81,Jito Liquid Staking,jito-liquid-staking,833395384.85,Liquid Staking,Solana,,,https://github.com/DefiLlama/DefiLlama-Adapters/blob/main/projects/jito/index.js,,,,
82,Superstate USTB,superstate-ustb,830722539.55,RWA,Ethereum;Plume Mainnet;Solana,,,https://github.com/DefiLlama/DefiLlama-Adapters/blob/main/projects/superstate/index.js,,,,
83,Function FBTC,function-fbtc,819273822.73,Bridge,Bitcoin,fbtc-xyz,,https://github.com/DefiLlama/DefiLlama-Adapters/blob/main/projects/fbtc/index.js,fbtc-xyz/fbtc-contract,10,Solidity,
84,Jupiter Staked SOL,jupiter-staked-sol,816557487.03,Liquid Staking,Solana,,,https://github.com/DefiLlama/DefiLlama-Adapters/blob/main/projects/jupSOL/index.js,,,,
85,Kinetiq kHYPE,kinetiq-khype,813648219.98,Liquid Staking,Hyperliquid L1,,,https://github.com/DefiLlama/DefiLlama-Adapters/blob/main/projects/kinetiq/index.js,,,,
86,Fluid Lending,fluid-lending,791860016.83,Lending,Ethereum;Arbitrum;Plasma;Base;Polygon,,,https://github.com/DefiLlama/DefiLlama-Adapters/blob/main/projects/fluid/index.js,,,,
87,StakeWise V2,stakewise-v2,756858902.51,Liquid Staking,Ethereum;xDai,,,https://github.com/DefiLlama/DefiLlama-Adapters/blob/main/projects/stakewise/index.js,,,,
88,Lombard LBTC,lombard-lbtc,753441017.87,Restaked BTC,Bitcoin;Ethereum,,,https://github.com/DefiLlama/DefiLlama-Adapters/blob/main/projects/lombard/index.js,,,,
89,Uniswap V4,uniswap-v4,746165283.78,Dexs,Ethereum;Base;Arbitrum;Binance;Polygon;Unichain;Monad;Soneium;Optimism;Tempo;Avalanche;X Layer;World Chain;Blast;Ink;Zora,,,https://github.com/DefiLlama/DefiLlama-Adapters/blob/main/projects/uniswap-v4/index.js,,,,
90,Liquid Collective,liquid-collective,741240196.28,Liquid Staking,Ethereum,,,https://github.com/DefiLlama/DefiLlama-Adapters/blob/main/projects/liquid-collective/index.js,,,,
91,OSL HK,osl-hk,678905351.24,CEX,Bitcoin;Ethereum;Solana;Tron;Binance;Ripple;Avalanche;Sei;Doge;TON;Polygon;Litecoin,,,https://github.com/DefiLlama/DefiLlama-Adapters/blob/main/projects/osl-hk/index.js,,,,
92,Jupiter Perpetual Exchange,jupiter-perpetual-exchange,672695916.31,Derivatives,Solana,,,https://github.com/DefiLlama/DefiLlama-Adapters/blob/main/projects/jupiter-perpetual.js,,,,
93,BingX,bingx,610710332.99,CEX,Tron;Bitcoin;Binance;Ethereum;Solana;TON;Ripple;Arbitrum,,,https://github.com/DefiLlama/DefiLlama-Adapters/blob/main/projects/bing-cex/index.js,,,,
94,Aster Bridge,aster-bridge,605539379.78,Bridge,Binance;Ethereum;Arbitrum;Solana;Scroll,,,https://github.com/DefiLlama/DefiLlama-Adapters/blob/main/projects/astherus/index.js,,,,
95,DoubleZero Staked SOL,doublezero-staked-sol,601676756.74,Liquid Staking,Solana,,,https://github.com/DefiLlama/DefiLlama-Adapters/blob/main/registries/solanaStakePool.js,,,,
96,Lista Lending,lista-lending,597622356.93,Lending,Binance;Ethereum,,,https://github.com/DefiLlama/DefiLlama-Adapters/blob/main/projects/lista-lending/index.js,,,,
97,Convex Finance,convex-finance,588504988.6,Yield,Ethereum;Fraxtal;Arbitrum;Polygon,convex-eth,,https://github.com/DefiLlama/DefiLlama-Adapters/blob/main/projects/convex/index.js,convex-eth/frax-cvx-platform,8,Solidity,Frax-Convex Platform
98,Lista Liquid Staking,lista-liquid-staking,587152123.22,Liquid Staking,Binance,,,https://github.com/DefiLlama/DefiLlama-Adapters/blob/main/projects/synclub-staked-bnb/index.js,,,,
99,Optimism Bridge,optimism-bridge,526172511.85,Canonical Bridge,Ethereum;Base;PGN,,,https://github.com/DefiLlama/DefiLlama-Adapters/blob/main/projects/optimism/index.js,,,,
100,Tornado Cash,tornado-cash,511916705.59,Privacy,Ethereum;Binance;Arbitrum;xDai;Avalanche;Polygon;EthereumClassic;Optimism,tornadocash,,https://github.com/DefiLlama/DefiLlama-Adapters/blob/main/projects/tornado/index.js,tornadocash/tornado-nova,5,Solidity,Tornado privacy pool with internal transactions
101,Lighter Bridge,lighter-bridge,491812306.89,Bridge,Ethereum;Arbitrum,,,https://github.com/DefiLlama/DefiLlama-Adapters/blob/main/projects/lighter-v2/index.js,,,,
102,mETH Protocol,meth-protocol,489685152.87,Liquid Staking,Ethereum,,,https://github.com/DefiLlama/DefiLlama-Adapters/blob/main/projects/mantle-meth/index.js,,,,
103,SolvBTC,solvbtc,484570655.32,Bridge,Bitcoin;Ethereum;Binance;Solana;Base;Arbitrum;X Layer;Mantle;Polygon;Merlin;BOB;Avalanche,,,https://github.com/DefiLlama/DefiLlama-Adapters/blob/main/projects/solvbtc/index.js,,,,
104,Korbit,korbit,476505495.53,CEX,Bitcoin;Ethereum;Ripple,,,https://github.com/DefiLlama/DefiLlama-Adapters/blob/main/projects/korbit/index.js,,,,
105,Symbiotic,symbiotic,471872843.81,Restaking,Ethereum,symbioticfi,,https://github.com/DefiLlama/DefiLlama-Adapters/blob/main/projects/symbiotic/index.js,symbioticfi/relay-contracts,15,Solidity,Symbiotic Relay Smart Contracts
106,Lorenzo enzoBTC,lorenzo-enzobtc,459870921.44,Bridge,Bitcoin,,,https://github.com/DefiLlama/DefiLlama-Adapters/blob/main/projects/lorenzo-enzoBTC/index.js,,,,
107,Merlins Seal,merlins-seal,455906981.73,Bridge,Bitcoin;Ethereum;Arbitrum;Zkfair,,,https://github.com/DefiLlama/DefiLlama-Adapters/blob/main/projects/merlin-l2/index.js,,,,
108,Polymarket International,polymarket-international,453485705.61,Prediction Market,Polygon,,,https://github.com/DefiLlama/DefiLlama-Adapters/blob/main/projects/polymarket.js,,,,
109,Indodax,indodax,439983229.78,CEX,Bitcoin;Ethereum;Solana;Binance;Tron;Cardano;Optimism;Polygon;Base;Arbitrum;Avalanche;Stellar;Algorand;Sui;Linea;EOS;Litecoin,,,https://github.com/DefiLlama/DefiLlama-Adapters/blob/main/projects/indodax/index.js,,,,
110,xStocks,xstocks,422877398.45,RWA,Solana;Arbitrum,,,https://github.com/DefiLlama/DefiLlama-Adapters/blob/main/projects/xstocks/index.js,,,,
111,Quickswap Dex,quickswap-dex,421156050.75,Dexs,Polygon;Base,,,https://github.com/DefiLlama/DefiLlama-Adapters/blob/main/projects/quickswap/index.js,,,,
112,Unit,unit,414114092.52,Bridge,Bitcoin;Ethereum;Solana;Plasma;Monad,,,https://github.com/DefiLlama/DefiLlama-Adapters/blob/main/projects/unit-btc/index.js,,,,
113,Avalon USDa,avalon-usda,411470454.29,CDP,Binance;Ethereum;Klaytn;Berachain;Sonic;Mantle,,,https://github.com/DefiLlama/DefiLlama-Adapters/blob/main/projects/avalon-finance-usda/index.js,,,,
114,HyperLend Pooled,hyperlend-pooled,401609988.39,Lending,Hyperliquid L1,,,https://github.com/DefiLlama/DefiLlama-Adapters/blob/main/registries/aave.js,,,,
115,Lista CDP,lista-cdp,392038013.13,CDP,Binance,,,https://github.com/DefiLlama/DefiLlama-Adapters/blob/main/projects/helio-money/index.js,,,,
116,tBTC,tbtc,391465432.1,Decentralized BTC,Bitcoin;Ethereum,,,https://github.com/DefiLlama/DefiLlama-Adapters/blob/main/projects/tbtc/index.js,,,,
117,Hyperliquid HLP,hyperliquid-hlp,384672092.71,Derivatives,Hyperliquid L1,,,https://github.com/DefiLlama/DefiLlama-Adapters/blob/main/projects/hyperliquid-hlp/index.js,,,,
118,Linea Bridge,linea-bridge,380709177.66,Canonical Bridge,Ethereum,,,https://github.com/DefiLlama/DefiLlama-Adapters/blob/main/projects/linea/index.js,,,,
119,Lightning Network,lightning-network,378970671.75,Payments,Bitcoin,,,https://github.com/DefiLlama/DefiLlama-Adapters/blob/main/projects/lightning-network/index.js,,,,
120,Solstice USX,solstice-usx,378680267.68,Basis Trading,Solana,,,https://github.com/DefiLlama/DefiLlama-Adapters/blob/main/projects/solstice-usx/index.js,,,,
121,Multipli.fi,multipli.fi,367489573.66,Yield,Ethereum;Base;Monad;Arbitrum;Binance;Avalanche,,,https://github.com/DefiLlama/DefiLlama-Adapters/blob/main/projects/multipli/index.js,,,,
122,BounceBit CeDeFi Yield,bouncebit-cedefi-yield,361588836.11,Basis Trading,BounceBit;Binance;Ethereum;Solana;Base,,,https://github.com/DefiLlama/DefiLlama-Adapters/blob/main/projects/bouncebit-cedefi/index.js,,,,
123,Nexo,nexo,358042161.74,CEX,Ethereum;Binance;Polygon;Avalanche;Arbitrum;Optimism;Fantom,,,https://github.com/DefiLlama/DefiLlama-Adapters/blob/main/projects/nexo-cex/index.js,,,,
124,Bedrock uniBTC,bedrock-unibtc,350460534.34,Anchor BTC,Bitcoin;Ethereum;Merlin;BOB;Binance;Mantle;Arbitrum;Bitlayer;BSquared;ZetaChain;Base;Optimism;RSK;Mode;Hemi;TAC;Taiko;Berachain,,,https://github.com/DefiLlama/DefiLlama-Adapters/blob/main/projects/bedrock/index.js,,,,
125,cap,cap,348121920.91,Lending,Ethereum,cap-labs-dev,,https://github.com/DefiLlama/DefiLlama-Adapters/blob/main/projects/cap-money/index.js,cap-labs-dev/cap-contracts,12,Solidity,
126,Aave Horizon RWA,aave-horizon-rwa,344924481.12,RWA Lending,Ethereum,,,https://github.com/DefiLlama/DefiLlama-Adapters/blob/main/registries/aaveV3.js,,,,
127,M0,m0,338638360.67,Stablecoin Issuer,Ethereum,,,https://github.com/DefiLlama/DefiLlama-Adapters/blob/main/projects/m0/index.js,,,,
128,Hastra,hastra,338532241.8,RWA,Solana;Ethereum,,,https://github.com/DefiLlama/DefiLlama-Adapters/blob/main/projects/hastra/index.js,,,,
129,CIAN Yield Layer,cian-yield-layer,336035359.1,Yield Aggregator,Ethereum;Mantle;Arbitrum;Optimism;Base;Binance;Scroll,,,https://github.com/DefiLlama/DefiLlama-Adapters/blob/main/projects/cian-yl/index.js,,,,
130,Phemex,phemex,333812970.36,CEX,Ethereum;Bitcoin;Ripple;Solana;Tron;Binance;Avalanche;Arbitrum;Polygon;Base;Optimism;zkSync Era;Linea;Sui;Fantom;Polkadot,,,https://github.com/DefiLlama/DefiLlama-Adapters/blob/main/projects/phemex/index.js,,,,
131,PancakeSwap AMM V3,pancakeswap-amm-v3,327390571.53,Dexs,Binance;Ethereum;Base;Solana;Arbitrum;Monad;zkSync Era;Linea;Polygon zkEVM;Op_Bnb,,,https://github.com/DefiLlama/DefiLlama-Adapters/blob/main/projects/pancakeswap-v3/index.js,,,,
132,UniRouter,unirouter,325705505.29,Bridge,BSquared,UniRouter,,https://github.com/DefiLlama/DefiLlama-Adapters/blob/main/projects/unirouter/index.js,UniRouter/unirouter-staking-contract,12,Solidity,
133,Stader,stader,324636576.71,Liquid Staking,Ethereum;Hedera;Binance;Fantom;Terra2;Near,stader-labs,True,https://github.com/DefiLlama/DefiLlama-Adapters/blob/main/projects/stader/index.js,stader-labs/bnbX,10,Solidity,Binance liquid staking solution
134,Euler V2,euler-v2,322472517.86,Lending,Ethereum;Monad;Plasma;Avalanche;BOB;Base;Hyperliquid L1;Unichain;Arbitrum;Sonic;Binance;Berachain;Linea;TAC;Swellchain;Mantle,,,https://github.com/DefiLlama/DefiLlama-Adapters/blob/main/projects/euler-v2/index.js,,,,
135,Free Protocol,free-protocol,321025370.27,Bridge,Merlin;Ethereum;Binance;Arbitrum;Manta;Kroma;Hemi;Polygon,,,https://github.com/DefiLlama/DefiLlama-Adapters/blob/main/projects/free-protocol/index.js,,,,
136,Buzz Farming,buzz-farming,317007400.06,Farm,BSquared,,,https://github.com/DefiLlama/DefiLlama-Adapters/blob/main/projects/buzz-farming/index.js,,,,
137,Kraken Bitcoin,kraken-bitcoin,314977024.71,Bridge,Bitcoin,,,https://github.com/DefiLlama/DefiLlama-Adapters/blob/main/projects/kraken-btc/index.js,,,,
138,Stacks sBTC,stacks-sbtc,313863698.28,Bridge,Bitcoin,,,https://github.com/DefiLlama/DefiLlama-Adapters/blob/main/projects/stacks-sbtc/index.js,,,,
139,Bitvavo,bitvavo,311059416.96,CEX,Bitcoin;Ethereum;Solana;Hyperliquid L1;Base;Arbitrum;Plasma;Optimism;Linea;Sonic;zkSync Era;Binance,,,https://github.com/DefiLlama/DefiLlama-Adapters/blob/main/projects/bitvavo/index.js,,,,
140,Backpack,backpack,304186837.98,CEX,Solana;Bitcoin;Hyperliquid L1;Ethereum;Base;Arbitrum;Ripple;Sui;Binance;Optimism;Aptos;Polygon;Sei;Tron;Monad;Doge;Plasma;Stable;Eclipse;Avalanche;Litecoin;Fogo,,,https://github.com/DefiLlama/DefiLlama-Adapters/blob/main/projects/backpack/index.js,,,,
141,USD AI,usd-ai,290560700.23,RWA Lending,Arbitrum,,,https://github.com/DefiLlama/DefiLlama-Adapters/blob/main/projects/usdai/index.js,,,,
142,Upshift,upshift,284893545.68,Onchain Capital Allocator,Ethereum;Flare;Monad;Fluent;Hyperliquid L1;Avalanche;Plasma;Mezo;Base;Binance;Ink;Sui,,,https://github.com/DefiLlama/DefiLlama-Adapters/blob/main/projects/upshift/index.js,,,,
143,Coinbase Wrapped Staked ETH,coinbase-wrapped-staked-eth,283296526.24,Liquid Staking,Ethereum,coinbase,,https://github.com/DefiLlama/DefiLlama-Adapters/blob/main/projects/cbETH/index.js,coinbase/smart-wallet,11,Solidity,
144,B2 Buzz,b2-buzz,282125800.55,Canonical Bridge,Bitcoin;Ethereum;Polygon;Binance,b2network,,https://github.com/DefiLlama/DefiLlama-Adapters/blob/main/projects/bsquared/index.js,b2network/halving-protocol,10,Solidity,Commemorate BTC Halving
145,xDAI Stake Bridge,xdai-stake-bridge,281447574.84,Canonical Bridge,Ethereum,,,https://github.com/DefiLlama/DefiLlama-Adapters/blob/main/projects/xdai/index.js,,,,
146,Marinade Liquid Staking,marinade-liquid-staking,270923868.07,Liquid Staking,Solana,,,https://github.com/DefiLlama/DefiLlama-Adapters/blob/main/projects/marinade.js,,,,
147,Defi Saver,defi-saver,269172655.94,CDP Manager,Ethereum;Arbitrum;Optimism;Base,defisaver,,https://github.com/DefiLlama/DefiLlama-Adapters/blob/main/projects/defisaver.js,defisaver/defisaver-v3-contracts,17,Solidity,All the contracts related to the Defi Saver ecosystem
148,Re,re,268218591.63,RWA,Ethereum;Base;Avalanche;Arbitrum,,,https://github.com/DefiLlama/DefiLlama-Adapters/blob/main/projects/re-protocol/index.js,,,,
149,BitFi Basis,bitfi-basis,267765593.31,Basis Trading,Binance;Ethereum;Hemi;Base;CORE;Bitlayer,,,https://github.com/DefiLlama/DefiLlama-Adapters/blob/main/projects/bitfi-cedefi/index.js,,,,
150,ether.fi Liquid,ether.fi-liquid,260911759.57,Onchain Capital Allocator,Ethereum,,,https://github.com/DefiLlama/DefiLlama-Adapters/blob/main/projects/etherfi-liquid/index.js,,,,
151,WEEX,weex,259061395.5,CEX,Ethereum;Bitcoin;Tron;Binance;Solana;Optimism;Avalanche;Arbitrum;Base;TON;Polygon,,,https://github.com/DefiLlama/DefiLlama-Adapters/blob/main/projects/weex-cex/index.js,,,,
152,Orca DEX,orca-dex,251040759.53,Dexs,Solana;Eclipse,,False,https://github.com/DefiLlama/DefiLlama-Adapters/blob/main/projects/orca/index.js,,,,
153,b14g,b14g,249188087.94,Restaking,Bitcoin;CORE;Babylon Genesis,b14glabs,,https://github.com/DefiLlama/DefiLlama-Adapters/blob/main/projects/b14g/index.js,b14glabs/btc-signature-verify,10,Solidity,Verify BTC signature in EVM contract
154,Benqi Staked Avax,benqi-staked-avax,246753676.17,Liquid Staking,Avalanche,,,https://github.com/DefiLlama/DefiLlama-Adapters/blob/main/projects/benqi-staked-avax/index.js,,,,
155,Mantle Bridge,mantle-bridge,244417198.61,Canonical Bridge,Ethereum,,,https://github.com/DefiLlama/DefiLlama-Adapters/blob/main/projects/mantle/index.js,,,,
156,Superstate USCC,superstate-uscc,237065820.53,Basis Trading,Ethereum;Solana;Plume Mainnet,,,https://github.com/DefiLlama/DefiLlama-Adapters/blob/main/projects/superstate-uscc/index.js,,,,
157,Drift Staked SOL,drift-staked-sol,236031858.16,Liquid Staking,Solana,,,https://github.com/DefiLlama/DefiLlama-Adapters/blob/main/registries/solanaStakePool.js,,,,
158,PumpSwap,pumpswap,234933807.92,Dexs,Solana,,,https://github.com/DefiLlama/DefiLlama-Adapters/blob/main/projects/pump-swap/index.js,,,,
159,Marinade Native,marinade-native,231234886.52,Staking Pool,Solana,,,https://github.com/DefiLlama/DefiLlama-Adapters/blob/main/registries/solanaStakePool.js,,,,
160,Lombard BTC.b,lombard-btc.b,231191977.31,Bridge,Bitcoin,,,https://github.com/DefiLlama/DefiLlama-Adapters/blob/main/projects/lombard-btcb/index.js,,,,
161,GTBTC,gtbtc,230417993.67,Restaked BTC,Bitcoin,,,https://github.com/DefiLlama/DefiLlama-Adapters/blob/main/projects/gate-btc/index.js,,,,
162,FAssets,fassets,228726362.44,Bridge,Ripple;Flare,,,https://github.com/DefiLlama/DefiLlama-Adapters/blob/main/projects/flare-asset/index.js,,,,
163,World Chain,world-chain,226224224.72,Canonical Bridge,Ethereum,,,https://github.com/DefiLlama/DefiLlama-Adapters/blob/main/projects/wc/index.js,,,,
164,AFI Protocol,afi-protocol,225540544.69,Farm,Base;Ethereum;Monad,Artificial-Financial-Intelligence,,https://github.com/DefiLlama/DefiLlama-Adapters/blob/main/projects/afiprotocol/index.js,Artificial-Financial-Intelligence/afiUSD,10,Solidity,"A ERC4626-compliant yield-bearing vault with withdrawal mechanisms, yield distribution, and multi-protocol asset management."
165,Cooler Loans,cooler-loans,217470199.41,Lending,Ethereum,,,https://github.com/DefiLlama/DefiLlama-Adapters/blob/main/projects/cooler-loans/index.js,,,,
166,Meteora DLMM,meteora-dlmm,209982689.91,Dexs,Solana,,,https://github.com/DefiLlama/DefiLlama-Adapters/blob/main/projects/meteora-dlmm/index.js,,,,
167,Starknet Bridge,starknet-bridge,207898140.61,Canonical Bridge,Ethereum,,,https://github.com/DefiLlama/DefiLlama-Adapters/blob/main/projects/starknet/index.js,,,,
168,Dswap,dswap,205038600.75,Dexs,ENI,,,https://github.com/DefiLlama/DefiLlama-Adapters/blob/main/registries/uniswapV2.js,,,,
169,GAIB,gaib,201822700.15,RWA,Ethereum;Sei;Arbitrum;Binance;Base;Story,gaib-ai,,https://github.com/DefiLlama/DefiLlama-Adapters/blob/main/projects/gaib/index.js,gaib-ai/symbiotic-super-sum,6,Solidity,Simple task-based network built with Symbiotic Relay
170,GMX V2 Perps,gmx-v2-perps,201611056.45,Derivatives,Arbitrum;Avalanche;MegaETH;Botanix,,,https://github.com/DefiLlama/DefiLlama-Adapters/blob/main/registries/gmx.js,,,,
171,Aerodrome Slipstream,aerodrome-slipstream,197026585.64,Dexs,Base,,,https://github.com/DefiLlama/DefiLlama-Adapters/blob/main/projects/aerodrome-CL/index.js,,,,
172,Nexus BTC,nexus-btc,196891425.95,Bridge,Bitcoin,,,https://github.com/DefiLlama/DefiLlama-Adapters/blob/main/projects/nexusbtc/index.js,,,,
173,Bitunix,bitunix,194758591.17,CEX,Bitcoin;Ethereum;Tron;Solana;Arbitrum;Base;Ripple;Binance;Avalanche;Polygon;TON;Cardano;Optimism;Litecoin,,,https://github.com/DefiLlama/DefiLlama-Adapters/blob/main/projects/bitunix-cex/index.js,,,,
174,Tydro,tydro,193986612.71,Lending,Ink,,,https://github.com/DefiLlama/DefiLlama-Adapters/blob/main/registries/aaveV3.js,,,,
175,CoinEx,coinex,190643946.19,CEX,Bitcoin;Ethereum;Tron;Starknet,,,https://github.com/DefiLlama/DefiLlama-Adapters/blob/main/projects/coinex/index.js,,,,
176,K3 Capital,k3-capital,190044299.73,Risk Curators,Ethereum;Monad;Plasma;Avalanche;Arbitrum;Binance;Unichain;BOB,,,https://github.com/DefiLlama/DefiLlama-Adapters/blob/main/projects/k3/index.js,,,,
177,Solv Basis Trading,solv-basis-trading,189923447.14,Basis Trading,Binance;Arbitrum;Ethereum;Mantle;Polygon;Solana;Soneium;Merlin,,,https://github.com/DefiLlama/DefiLlama-Adapters/blob/main/projects/solv-protocol-funds/index.js,,,,
178,VALR,valr,186418014.02,CEX,Bitcoin;Ethereum;Ripple;Tron;Solana;Avalanche;Binance,,,https://github.com/DefiLlama/DefiLlama-Adapters/blob/main/projects/valr-cex/index.js,,,,
179,Bitrue,bitrue,184458137.6,CEX,Ripple;Ethereum;Hedera;Tron;Solana;XDC;Bitcoin;Binance;Flare;Cosmos;VeChain;Polygon;Mantle;Scroll;zkSync Era;Linea;Cardano;CORE;Taiko;Sui;Polkadot,,,https://github.com/DefiLlama/DefiLlama-Adapters/blob/main/projects/bitrue-cex/index.js,,,,
180,Renzo,renzo,181301794.96,Liquid Restaking,Ethereum;Linea;Solana;Arbitrum;Zircuit;Monad;Mode;Base;Optimism;Blast;Fraxtal;Binance;Sei,Renzo-Protocol,,https://github.com/DefiLlama/DefiLlama-Adapters/blob/main/projects/renzo/index.js,Renzo-Protocol/contracts-public,13,Solidity,Renzo Protocol Public
181,Pareto Credit,pareto-credit,179838625.76,RWA Lending,Ethereum;Polygon;Arbitrum;Optimism,,,https://github.com/DefiLlama/DefiLlama-Adapters/blob/main/projects/pareto/index.js,,,,
182,OnRe,onre,177733513.8,RWA,Solana,onre-finance,,https://github.com/DefiLlama/DefiLlama-Adapters/blob/main/projects/onre/index.js,onre-finance/jup-onyc-integration,4,Rust,Permissionless minting on Jupiter
183,Fraxtal,fraxtal,175123264.08,Chain,Ethereum,,,https://github.com/DefiLlama/DefiLlama-Adapters/blob/main/projects/fraxtal/index.js,,,,
184,Yearn Finance,yearn-finance,174650718.47,Yield Aggregator,Ethereum;Katana;Base;Optimism;Polygon;Arbitrum;Fantom,,,https://github.com/DefiLlama/DefiLlama-Adapters/blob/main/projects/yearn/index.js,,,,
185,Sanctum Infinity,sanctum-infinity,173396735.83,Dexs,Solana,,,https://github.com/DefiLlama/DefiLlama-Adapters/blob/main/projects/sanctum-infinity/index.js,,,,
186,KPK,kpk,173046248.85,Risk Curators,Ethereum;xDai;Arbitrum;Binance;Base;Optimism;Polygon,karpatkey,,https://github.com/DefiLlama/DefiLlama-Adapters/blob/main/projects/kpk/index.js,karpatkey/kpk-token,11,Solidity,Repository containing the karpatkey governance token smart contract
187,Echo Bridge,echo-bridge,172138186.96,Bridge,BSquared;Bitcoin,,,https://github.com/DefiLlama/DefiLlama-Adapters/blob/main/projects/echo-bridge/index.js,,,,
188,CoinDCX,coindcx,168864834.01,CEX,Bitcoin;Ethereum;Ripple;Cardano;Tron;Binance;Avalanche;Solana;Arbitrum;Polygon;Optimism;Fantom;Litecoin,,,https://github.com/DefiLlama/DefiLlama-Adapters/blob/main/projects/coindcx/index.js,,,,
189,Tonstakers LSD,tonstakers-lsd,166047768.69,Liquid Staking,TON,,,https://github.com/DefiLlama/DefiLlama-Adapters/blob/main/projects/tonstakers/index.js,,,,
190,EtherFi Borrowing Market,etherfi-borrowing-market,165183637.98,Lending,Optimism;Scroll,,,https://github.com/DefiLlama/DefiLlama-Adapters/blob/main/projects/etherfi-cash-collateral-management/index.js,,,,
191,DigiFT,digift,165177526.45,RWA,Ethereum;Binance;Arbitrum;Plume Mainnet,,,https://github.com/DefiLlama/DefiLlama-Adapters/blob/main/projects/DigiFT/index.js,,,,
192,Dolomite,dolomite,164755760.93,Lending,Ethereum;Berachain;Arbitrum;Mantle;Botanix;Polygon zkEVM;X Layer,dolomite-exchange,,https://github.com/DefiLlama/DefiLlama-Adapters/blob/main/projects/dolomite/index.js,dolomite-exchange/harvest-strategy-arbitrum,11,Solidity,Smart contracts for the Harvest Finance :tractor: ecosystem on Arbitrum
193,exSat Staking BTC,exsat-staking-btc,163618012.19,Bridge,Bitcoin,,,https://github.com/DefiLlama/DefiLlama-Adapters/blob/main/projects/esbtc/index.js,,,,
194,Noble,noble,161835457.2,Chain,Noble,noble-assets,,https://github.com/DefiLlama/DefiLlama-Adapters/blob/main/projects/noble/index.js,noble-assets/cctp-contracts,12,Solidity,A simple CCTP TokenMessenger wrapper that stores IBC metadata.
195,NAVI Lending,navi-lending,160568391.5,Lending,Sui,,,https://github.com/DefiLlama/DefiLlama-Adapters/blob/main/projects/navi/index.js,,,,
196,Mellow Core,mellow-core,159994838.75,Onchain Capital Allocator,Ethereum;RSK;Mezo;Monad,,,https://github.com/DefiLlama/DefiLlama-Adapters/blob/main/projects/mellow-protocol-core/index.js,,,,
197,Liquity V1,liquity-v1,159230829.85,CDP,Ethereum,,,https://github.com/DefiLlama/DefiLlama-Adapters/blob/main/projects/liquity/index.js,,,,
198,OpenTrade,opentrade,158817673.89,RWA,Avalanche;Plume Mainnet;Ethereum,,,https://github.com/DefiLlama/DefiLlama-Adapters/blob/main/projects/opentrade/index.js,,,,
199,Aster asBNB,aster-asbnb,156817690.16,Yield,Binance,,,https://github.com/DefiLlama/DefiLlama-Adapters/blob/main/projects/astherus-asBNB/index.js,,,,
200,RealT Tokens,realt-tokens,156794809.18,RWA,xDai,,,https://github.com/DefiLlama/DefiLlama-Adapters/blob/main/projects/realt.js,,,,
201,PinkSale,pinksale,155862787.19,Launchpad,Binance;Ethereum;Polygon;Cronos;Avalanche;Fantom,,,https://github.com/DefiLlama/DefiLlama-Adapters/blob/main/projects/pinksale/api.js,,,,
202,Stake DAO,stake-dao,155422011.46,Yield,Ethereum;Base;Arbitrum;Fraxtal;Polygon;Avalanche;Sonic;Optimism;Linea;xDai,stake-dao,,https://github.com/DefiLlama/DefiLlama-Adapters/blob/main/projects/stakedao/index.js,stake-dao/contracts-monorepo,18,Solidity,🤖 Monorepo of Stake DAO smart contracts
203,Extended,extended,153390214.85,Derivatives,Starknet;Ethereum,,,https://github.com/DefiLlama/DefiLlama-Adapters/blob/main/projects/extended/index.js,,,,
204,Midas RWA,midas-rwa,152598662.38,RWA,Ethereum;Plasma;Monad;Base;Arbitrum;Hyperliquid L1;Binance;Etherlink;Flare;Plume Mainnet;RSK;Katana;Optimism;Solana;Sonic;Linea;Unichain;TAC;Avalanche;Mantle;Ink;Celo;Sei;Berachain;0G;Polygon;XRPL EVM;Sapphire;Bitcoin;Scroll;Sui,,,https://github.com/DefiLlama/DefiLlama-Adapters/blob/main/projects/midas/index.js,,,,
205,stHYPE,sthype,152271472.89,Liquid Staking,Hyperliquid L1,,,https://github.com/DefiLlama/DefiLlama-Adapters/blob/main/projects/staked-hype/index.js,,,,
206,Suilend,suilend,152179560.16,Lending,Sui,,,https://github.com/DefiLlama/DefiLlama-Adapters/blob/main/projects/suilend/index.js,,,,
207,Yield Basis,yield-basis,152111555.4,Leveraged Farming,Ethereum,,,https://github.com/DefiLlama/DefiLlama-Adapters/blob/main/projects/yield-basis/index.js,,,,
208,Kamino Liquidity,kamino-liquidity,151898919.01,Liquidity Manager,Solana,,,https://github.com/DefiLlama/DefiLlama-Adapters/blob/main/projects/kamino/index.js,,,,
209,Hyperliquid Spot Orderbook,hyperliquid-spot-orderbook,151384874.1,Dexs,Hyperliquid L1,,,https://github.com/DefiLlama/DefiLlama-Adapters/blob/main/projects/hyperliquid-spot-orderbook/index.js,,,,
210,Biconomy.com,biconomy.com,149617136.32,CEX,Ethereum;Polygon;Tron;Bitcoin,,,https://github.com/DefiLlama/DefiLlama-Adapters/blob/main/projects/biconomy-cex/index.js,,,,
211,edgeX Bridge,edgex-bridge,148936112.8,Bridge,Ethereum;edgeX L1;Arbitrum;Binance,,,https://github.com/DefiLlama/DefiLlama-Adapters/blob/main/projects/edgeX/index.js,,,,
212,Fluid Lite,fluid-lite,145641695.15,Yield Aggregator,Ethereum,,,https://github.com/DefiLlama/DefiLlama-Adapters/blob/main/projects/instadapp-lite/index.js,,,,
213,Axelar,axelar,142908341.31,Bridge,Ethereum;Binance;Ripple;Optimism;Arbitrum;Fantom;Polygon;Regen;Osmosis;Kujira;Cosmos;Base;Avalanche;Persistence;Stride;Celestia;Agoric;Chihuahua;Secret;Sei;Stargaze;Juno;Mantle;XRPL EVM;Carbon;Umee;Blast;Migaloo;Archway;Dymension;Evmos;Injective;Neutron;Terra2;XPLA;Aurora;Immutable zkEVM;Celo;Kava;Moonbeam;Scroll;Linea;Fraxtal;Filecoin,,,https://github.com/DefiLlama/DefiLlama-Adapters/blob/main/projects/axelar/index.js,,,,
214,EtherFi Cash Liquid,etherfi-cash-liquid,140112666.98,Crypto Card Issuer,Optimism;Scroll,,,https://github.com/DefiLlama/DefiLlama-Adapters/blob/main/projects/etherfi-cash-liquid/index.js,,,,
215,Telos Consilium,telos-consilium,138772759.78,Risk Curators,Plasma;Ethereum,,,https://github.com/DefiLlama/DefiLlama-Adapters/blob/main/projects/telosc/index.js,,,,
216,Doppler Finance,doppler-finance,138317338.33,CeDeFi,Ripple;Ethereum,girin-app,,https://github.com/DefiLlama/DefiLlama-Adapters/blob/main/projects/doppler-finance/index.js,girin-app/contracts,12,Solidity,
217,Lagoon,lagoon,138210588.19,Onchain Capital Allocator,Ethereum;Base;Arbitrum;TAC;Avalanche;Plasma;Linea;Monad;Optimism;Katana;Sonic;Mantle;Polygon;Berachain;World Chain;Unichain,hopperlabsxyz,,https://github.com/DefiLlama/DefiLlama-Adapters/blob/main/projects/lagoon/index.js,hopperlabsxyz/lagoon-v0,8,Solidity,
218,Mantle Index Four Fund,mantle-index-four-fund,137985011.47,RWA,Mantle,,,https://github.com/DefiLlama/DefiLlama-Adapters/blob/main/projects/mi4/index.js,,,,
219,Vault Bridge,vault-bridge,137199055.52,Risk Curators,Ethereum,,,https://github.com/DefiLlama/DefiLlama-Adapters/blob/main/projects/vault-bridge/index.js,,,,
220,Echo Lending,echo-lending,136022858.81,Lending,Aptos,,,https://github.com/DefiLlama/DefiLlama-Adapters/blob/main/projects/echo-lending/index.js,,,,
221,Aerodrome V1,aerodrome-v1,135874515.29,Dexs,Base,,,https://github.com/DefiLlama/DefiLlama-Adapters/blob/main/registries/uniswapV2.js,,,,
222,Hyperlane,hyperlane,135666543.21,Cross Chain Bridge,Binance;Ethereum;Base;Arbitrum;Optimism;Hyperliquid L1;Polygon;Unichain;Ink;Plasma;Avalanche;BSquared;Metis;Blast;Mantle;Linea;Scroll;Mode;xDai;Zora;Mint;Celo;Sei;Sonic;Vana;Swellchain,,,https://github.com/DefiLlama/DefiLlama-Adapters/blob/main/projects/hyperlane/index.js,,,,
223,zkSync Era txBridge,zksync-era-txbridge,135194385.38,Canonical Bridge,Ethereum,,,https://github.com/DefiLlama/DefiLlama-Adapters/blob/main/projects/txBridge/index.js,,,,
224,Avalanche Core Bridge,avalanche-core-bridge,133347887.79,Canonical Bridge,Ethereum;Bitcoin,,,https://github.com/DefiLlama/DefiLlama-Adapters/blob/main/projects/avax/index.js,,,,
225,UNCX Network V2,uncx-network-v2,127796507.05,Token Locker,Ethereum;Binance;Base;Polygon;Arbitrum;Avalanche;xDai,,,https://github.com/DefiLlama/DefiLlama-Adapters/blob/main/projects/unicrypt/api.js,,,,
226,Phantom SOL,phantom-sol,126766742.44,Liquid Staking,Solana,,,https://github.com/DefiLlama/DefiLlama-Adapters/blob/main/registries/solanaStakePool.js,,,,
227,RockawayX,rockawayx,123901364.39,Risk Curators,Ethereum;Solana;Sei;Plume Mainnet;Binance;Etherlink,,,https://github.com/DefiLlama/DefiLlama-Adapters/blob/main/projects/rockawayx/index.js,,,,
228,Aave V2,aave-v2,123892292.12,Lending,Ethereum;Polygon;Avalanche,,,https://github.com/DefiLlama/DefiLlama-Adapters/blob/main/projects/aave/index.js,,,,
229,Tectonic,tectonic,121962077.34,Lending,Cronos,,,https://github.com/DefiLlama/DefiLlama-Adapters/blob/main/registries/compound.js,,,,
230,RAAC,raac,120799215.91,RWA,Ethereum,,,https://github.com/DefiLlama/DefiLlama-Adapters/blob/main/projects/raac/index.js,,,,
231,Derive V2,derive-v2,119396302.44,Derivatives,Hyperliquid L1;Arbitrum;Optimism;Base;Ethereum;Blast;Mode,,,https://github.com/DefiLlama/DefiLlama-Adapters/blob/main/projects/lyra-v2/index.js,,,,
232,OpenEden TBILL,openeden-tbill,119052866.5,RWA,Ethereum;Ripple;Solana;Arbitrum,,,https://github.com/DefiLlama/DefiLlama-Adapters/blob/main/projects/openeden-tbill/index.js,,,,
233,Frax Ether,frax-ether,118913709.83,Liquid Staking,Ethereum;Fraxtal,,,https://github.com/DefiLlama/DefiLlama-Adapters/blob/main/projects/frax-ETH/index.js,,,,
234,Chiliz Governance Staking,chiliz-governance-staking,118908014.49,Chain,Chiliz,,,https://github.com/DefiLlama/DefiLlama-Adapters/blob/main/projects/chiliz-governance-staking/index.js,,,,
235,Polygon zkEVM Bridge,polygon-zkevm-bridge,117572582.07,Canonical Bridge,Ethereum,,,https://github.com/DefiLlama/DefiLlama-Adapters/blob/main/projects/polygonZk/index.js,,,,
236,Beefy,beefy,117198415.06,Yield Aggregator,Ethereum;Base;Arbitrum;Fraxtal;Binance;Polygon;Optimism;Fantom;Avalanche;Cronos;Monad;Plasma;MegaETH;Metis;Sonic;Linea;xDai;Lisk;RSK;Berachain;Kava;Moonbeam;Moonriver;Aurora;Celo;zkSync Era;Fuse;Mantle;Mode;Oasis;Harmony;Sei;Scroll;Hyperliquid L1;Heco;Saga;Canto;re.al;Manta;Polygon zkEVM,beefyfinance,,https://github.com/DefiLlama/DefiLlama-Adapters/blob/main/projects/beefy/index.js,beefyfinance/beefy-contracts,14,Solidity,Public repo for the community devs to advance the Beefy protocol.
237,Compound V2,compound-v2,115362770.12,Lending,Ethereum,,,https://github.com/DefiLlama/DefiLlama-Adapters/blob/main/registries/compound.js,,,,
238,Benqi Lending,benqi-lending,115273126.69,Lending,Avalanche,,,https://github.com/DefiLlama/DefiLlama-Adapters/blob/main/projects/benqi/index.js,,,,
239,Aster USDF,aster-usdf,114880546.06,Basis Trading,Binance,,,https://github.com/DefiLlama/DefiLlama-Adapters/blob/main/projects/astherus-basis-trading/index.js,,,,
240,Theo Network thBill,theo-network-thbill,114711497.02,RWA,Ethereum;Arbitrum;Solana,,,https://github.com/DefiLlama/DefiLlama-Adapters/blob/main/projects/theo-network-thbill/index.js,,,,
241,Saturn,saturn,114140131.67,Stablecoin Wrapper,Ethereum,,,https://github.com/DefiLlama/DefiLlama-Adapters/blob/main/projects/saturn-protocol/index.js,,,,
242,VVS Standard,vvs-standard,113951357.95,Dexs,Cronos,,,https://github.com/DefiLlama/DefiLlama-Adapters/blob/main/registries/uniswapV2.js,,,,
243,The Vault Liquid Staking,the-vault-liquid-staking,111949530.55,Liquid Staking,Solana,,,https://github.com/DefiLlama/DefiLlama-Adapters/blob/main/registries/solanaStakePool.js,,,,
244,Bybit Staked SOL,bybit-staked-sol,111892565.63,Liquid Staking,Solana,,,https://github.com/DefiLlama/DefiLlama-Adapters/blob/main/registries/solanaStakePool.js,,,,
245,SUNSwap V3,sunswap-v3,111011304.11,Dexs,Tron,,,https://github.com/DefiLlama/DefiLlama-Adapters/blob/main/projects/sunswap-v3/index.js,,,,
246,BloFin,blofin,110663967.76,CEX,Ethereum;Tron;Bitcoin;Solana;Ripple;Arbitrum;Binance;Base;Optimism;Polygon;Avalanche;Aptos;Cardano;Hyperliquid L1;Doge;TON;Sonic;Mantle;Berachain;Algorand;Litecoin,,,https://github.com/DefiLlama/DefiLlama-Adapters/blob/main/projects/blofin-cex/index.js,,,,
247,Homora V2,homora-v2,110273717.07,Leveraged Farming,Ethereum;Binance;Avalanche;Fantom;Optimism,,,https://github.com/DefiLlama/DefiLlama-Adapters/blob/main/registries/deadAdapters.json,,,,
248,Project 0,project-0,110268137.21,Lending,Solana,,,https://github.com/DefiLlama/DefiLlama-Adapters/blob/main/projects/p0/index.js,,,,
249,Bitlayer YBTC Family,bitlayer-ybtc-family,109203153.0,Anchor BTC,Bitcoin;Ethereum,,,https://github.com/DefiLlama/DefiLlama-Adapters/blob/main/projects/bitlayer-btc/index.js,,,,
250,JPool,jpool,108957621.97,Liquid Staking,Solana,,False,https://github.com/DefiLlama/DefiLlama-Adapters/blob/main/registries/solanaStakePool.js,,,,
251,crvUSD,crvusd,103774066.93,CDP,Ethereum,,,https://github.com/DefiLlama/DefiLlama-Adapters/blob/main/projects/crv-usd/index.js,,,,
252,Avalon CeDeFi,avalon-cedefi,103216408.17,Anchor BTC,Ethereum,,,https://github.com/DefiLlama/DefiLlama-Adapters/blob/main/projects/avalon-finance-cedefi/index.js,,,,
253,Clearstar,clearstar,102947644.78,Risk Curators,Flare;Ethereum;Monad;Base;Hyperliquid L1;Hemi;Starknet;Arbitrum;Katana;Unichain;Polygon,,,https://github.com/DefiLlama/DefiLlama-Adapters/blob/main/projects/clearstar/index.js,,,,
254,Ember Protocol,ember-protocol,102601883.06,Onchain Capital Allocator,Ethereum;Sui;Pharos,,,https://github.com/DefiLlama/DefiLlama-Adapters/blob/main/projects/ember-protocol/index.js,,,,
255,Securitize Tokenized AAA CLO Fund,securitize-tokenized-aaa-clo-fund,101874404.91,RWA,Ethereum,,,https://github.com/DefiLlama/DefiLlama-Adapters/blob/main/projects/stac-clo/index.js,,,,
256,Lofty,lofty,99665630.72,RWA,Algorand,,,https://github.com/DefiLlama/DefiLlama-Adapters/blob/main/projects/lofty/index.js,,,,
257,dYdX V4,dydx-v4,99203670.61,Derivatives,dYdX,,,https://github.com/DefiLlama/DefiLlama-Adapters/blob/main/projects/dydx-v4/index.js,,,,
258,Ourbit,ourbit,98743903.81,CEX,Bitcoin;Solana;Ethereum;Binance;Tron;Arbitrum;Avalanche;Optimism,,,https://github.com/DefiLlama/DefiLlama-Adapters/blob/main/projects/ourbit/index.js,,,,
259,Usual USD0,usual-usd0,98168116.09,RWA,Ethereum,,,https://github.com/DefiLlama/DefiLlama-Adapters/blob/main/projects/usual/index.js,,,,
260,River Omni-CDP,river-omni-cdp,97565670.94,CeDeFi,Binance;Base;BSquared;Ethereum;BOB;Bitlayer;Hemi;Arbitrum;X Layer;Sonic;BEVM;Bitcoin,,,https://github.com/DefiLlama/DefiLlama-Adapters/blob/main/projects/satoshi-protocol/index.js,,,,
261,Stargate V2,stargate-v2,97177039.31,Cross Chain Bridge,Ethereum;Binance;Arbitrum;Base;Optimism;Scroll;Metis;Unichain;Avalanche;Mantle;Soneium;Linea;Abstract;Kava;Aurora;Swellchain;Sei;Polygon;xDai;Sonic;LightLink;Hemi;Manta;Stable,,,https://github.com/DefiLlama/DefiLlama-Adapters/blob/main/projects/stargatefinance-v2/index.js,,,,
262,Nexus Mutual,nexus-mutual,96496527.08,Insurance,Ethereum,NexusMutual,,https://github.com/DefiLlama/DefiLlama-Adapters/blob/main/projects/nexus/index.js,NexusMutual/smart-contracts,7,JavaScript,
263,SoSoValue Indexes,sosovalue-indexes,95882836.06,Indexes,Bitcoin;Ethereum;Binance;Ripple;Solana;Doge;Cardano;Hyperliquid L1,,,https://github.com/DefiLlama/DefiLlama-Adapters/blob/main/projects/ssi-protocol/index.js,,,,
264,Aera V3,aera-v3,95253000.43,Onchain Capital Allocator,Base;Ethereum,,,https://github.com/DefiLlama/DefiLlama-Adapters/blob/main/projects/aera-v3/index.js,,,,
265,Blend Pools V2,blend-pools-v2,95205955.33,Lending,Stellar,,,https://github.com/DefiLlama/DefiLlama-Adapters/blob/main/projects/blend-pools-v2/index.js,,,,
266,Reservoir Protocol,reservoir-protocol,95190196.63,CDP,Ethereum;Plasma;Monad;Berachain;Binance;Base;Arbitrum;Hyperliquid L1;Optimism;World Chain;Mantle;Katana,,,https://github.com/DefiLlama/DefiLlama-Adapters/blob/main/projects/reservoir-protocol/index.js,,,,
267,Sky RWA,sky-rwa,95090279.43,RWA,Ethereum,,,https://github.com/DefiLlama/DefiLlama-Adapters/blob/main/projects/maker-rwa/index.js,,,,
268,Railgun,railgun,93967675.99,Privacy,Ethereum;Polygon;Arbitrum;Binance,Railgun-Privacy;Railgun-Community,,https://github.com/DefiLlama/DefiLlama-Adapters/blob/main/projects/railgun/index.js,Railgun-Community/curve25519-scalarmult-wasm,4,Rust,
269,BYDFi,bydfi,92526941.96,CEX,Bitcoin;Ethereum;Ripple,,,https://github.com/DefiLlama/DefiLlama-Adapters/blob/main/projects/bydfi/index.js,,,,
270,Flying Tulip Yield,flying-tulip-yield,92207025.21,Services,,,,,,,,
271,R25,r25,90888611.25,RWA,Pharos,,,https://github.com/DefiLlama/DefiLlama-Adapters/blob/main/registries/erc4626.js,,,,
272,Apollo Diversified Credit Securitize Fund,apollo-diversified-credit-securitize-fund,89774753.88,RWA,Ethereum;Aptos;Sei;Ink;Avalanche;Polygon;Solana,,,https://github.com/DefiLlama/DefiLlama-Adapters/blob/main/projects/acred/index.js,,,,
273,BlazeStake,blazestake,89421232.16,Liquid Staking,Solana,,,https://github.com/DefiLlama/DefiLlama-Adapters/blob/main/registries/solanaStakePool.js,,,,
274,fx Protocol,fx-protocol,88898432.13,Dual-Token Stablecoin,Ethereum,,,https://github.com/DefiLlama/DefiLlama-Adapters/blob/main/projects/fx-Protocol/index.js,,,,
275,Hyperithm,hyperithm,88813717.95,Risk Curators,Ethereum;Monad;Arbitrum;Plasma;Hyperliquid L1;Katana;XRPL EVM;Binance,,,https://github.com/DefiLlama/DefiLlama-Adapters/blob/main/projects/hyperithm/index.js,,,,
276,Pleasing Gold,pleasing-gold,87873758.84,RWA,,,,,,,,
277,Mantle Restaking,mantle-restaking,87113463.97,Liquid Restaking,Ethereum,,,https://github.com/DefiLlama/DefiLlama-Adapters/blob/main/projects/mantle-restaking/index.js,,,,
278,Treehouse Protocol,treehouse-protocol,86684910.76,DOR,Ethereum;Avalanche;Mantle,,,https://github.com/DefiLlama/DefiLlama-Adapters/blob/main/projects/treehouse/index.js,,,,
279,Strata Markets,strata-markets,86635480.54,Yield,Ethereum,,,https://github.com/DefiLlama/DefiLlama-Adapters/blob/main/projects/strata-tranches/index.js,,,,
280,Avant avUSD,avant-avusd,86356474.98,Basis Trading,Avalanche,,,https://github.com/DefiLlama/DefiLlama-Adapters/blob/main/projects/avant/index.js,,,,
281,Loopscale,loopscale,84802618.78,Lending,Solana,LoopscaleLabs,,https://github.com/DefiLlama/DefiLlama-Adapters/blob/main/projects/loopscale/index.js,LoopscaleLabs/damm-v2,5,Rust,Dynamic Automated Market Maker V2 Program (DAMM V2)
282,YBTC.B,ybtc.b,84757720.54,Anchor BTC,Bitlayer,,,https://github.com/DefiLlama/DefiLlama-Adapters/blob/main/projects/bitlayer-ybtc_b/index.js,,,,
283,Lulo,lulo,84755824.07,Yield Aggregator,Solana,,,https://github.com/DefiLlama/DefiLlama-Adapters/blob/main/projects/lulo/index.js,,,,
284,Enzyme Finance,enzyme-finance,84695677.69,Indexes,Ethereum;Polygon;Arbitrum,enzymefinance,,https://github.com/DefiLlama/DefiLlama-Adapters/blob/main/projects/enzyme/index.js,enzymefinance/protocol,12,Solidity,Enzyme Protocol Implementation
285,Zest V2,zest-v2,84111174.74,Lending,Stacks,,,https://github.com/DefiLlama/DefiLlama-Adapters/blob/main/projects/zest-v2/index.js,,,,
286,Exponent,exponent,83953731.37,Yield,Solana,,,https://github.com/DefiLlama/DefiLlama-Adapters/blob/main/projects/exponent/index.js,,,,
287,infiniFi,infinifi,82833080.36,Yield,Ethereum,InfiniFi-Labs,,https://github.com/DefiLlama/DefiLlama-Adapters/blob/main/projects/infiniFi/index.js,InfiniFi-Labs/infinifi-protocol,10,Solidity,
288,Firelight,firelight,81819174.44,Farm,Flare,firelight-protocol,,https://github.com/DefiLlama/DefiLlama-Adapters/blob/main/projects/firelight/index.js,firelight-protocol/firelight-core,10,Solidity,
289,Sophon Bridge,sophon-bridge,81272983.9,Canonical Bridge,Ethereum,,,https://github.com/DefiLlama/DefiLlama-Adapters/blob/main/projects/sophon/index.js,,,,
290,Reserve Protocol,reserve-protocol,80435356.68,Indexes,Ethereum;Base;Arbitrum;Binance,reserve-protocol,,https://github.com/DefiLlama/DefiLlama-Adapters/blob/main/projects/reserve/index.js,reserve-protocol/staking-contract,12,Solidity,
291,UltraYield Curator,ultrayield-curator,80305471.87,Risk Curators,Ethereum;Hyperliquid L1;Etherlink;Monad;Base;TAC;Optimism;Arbitrum;Plasma;Plume Mainnet;Linea,,,https://github.com/DefiLlama/DefiLlama-Adapters/blob/main/projects/ultrayield-by-edge-capital/index.js,,,,
292,AILayer farm,ailayer-farm,79675455.72,Farm,Bitcoin;zkLink,AINNLayer2,,https://github.com/DefiLlama/DefiLlama-Adapters/blob/main/projects/ainn-layer2/index.js,,,,
293,Lorenzo sUSD1+,lorenzo-susd1+,79603533.25,Yield,Binance;Ethereum,,,https://github.com/DefiLlama/DefiLlama-Adapters/blob/main/projects/lorenzo-susd1plus/index.js,,,,
294,Frax USD,frax-usd,79015416.56,RWA,Ethereum,,,https://github.com/DefiLlama/DefiLlama-Adapters/blob/main/projects/frax-rwa/index.js,,,,
295,Re7 Labs,re7-labs,78650120.71,Risk Curators,Avalanche;Plasma;World Chain;Ethereum;Starknet;Binance;Plume Mainnet;Base;Linea;Sonic;Unichain;TAC;Polygon;BOB;Berachain,,,https://github.com/DefiLlama/DefiLlama-Adapters/blob/main/projects/re7/index.js,,,,
296,PancakeSwap Infinity,pancakeswap-infinity,78323156.0,Dexs,Binance;Base,,,https://github.com/DefiLlama/DefiLlama-Adapters/blob/main/projects/pancakeswap-infinity/index.js,,,,
297,BitFi BTC,bitfi-btc,78253138.04,Anchor BTC,AILayer,,,https://github.com/DefiLlama/DefiLlama-Adapters/blob/main/projects/bitfi/index.js,,,,
298,Liquity V2,liquity-v2,78218124.08,CDP,Ethereum,,,https://github.com/DefiLlama/DefiLlama-Adapters/blob/main/projects/liquity-v2/index.js,,,,
299,Mainstreet,mainstreet,77762217.17,Basis Trading,Ethereum,,,https://github.com/DefiLlama/DefiLlama-Adapters/blob/main/projects/mainstreet/index.js,,,,
300,Save,save,77669701.08,Lending,Solana;Eclipse,,,https://github.com/DefiLlama/DefiLlama-Adapters/blob/main/projects/solend/index.js,,,,
